prompt_complexity_score,perplexity_score,burstiness_index,syntactic_variability,semantic_coherence_score,lexical_diversity_ratio,readability_grade_level,generation_confidence_score,text_length
0.655,96.14,0.706,0.241,0.003,0.589,11.5,0.373,106
0.609,70.02,0.557,0.511,0.342,0.647,11.7,0.538,73
0.481,61.04,0.688,0.103,0.885,0.687,8.0,0.945,104
0.402,61.33,0.044,0.983,0.927,0.873,5.6,0.428,81
0.263,40.49,0.698,0.11,0.611,0.814,14.6,0.097,98
0.698,82.35,0.285,0.298,0.311,0.013,5.8,0.349,115
0.596,64.81,0.513,0.16,0.957,0.796,9.0,0.379,92
0.69,34.71,0.279,0.992,0.962,0.175,5.2,0.734,113
0.274,26.59,0.94,0.664,0.219,0.932,15.5,0.997,68
0.938,18.48,0.754,0.789,0.959,0.986,5.6,0.297,117
0.413,24.57,0.827,0.58,0.18,0.242,11.0,0.237,68
0.062,29.9,0.824,0.811,0.101,0.672,7.4,0.751,114
0.785,51.49,0.859,0.404,0.15,0.357,10.0,0.077,93
0.463,37.95,0.35,0.859,0.793,0.393,9.1,0.47,85
0.282,85.19,0.786,0.111,0.811,0.036,15.8,0.598,93
0.481,21.78,0.067,0.373,0.696,0.966,15.3,0.569,74
0.214,59.93,0.932,0.856,0.205,0.951,5.4,0.223,81
0.96,78.64,0.327,0.162,0.508,0.764,15.0,0.056,98
0.282,72.09,0.853,0.215,0.68,0.596,15.9,0.776,89
0.801,42.32,0.132,0.599,0.727,0.004,7.4,0.908,77
0.521,31.77,0.091,0.215,0.552,0.052,9.4,0.747,82
0.423,36.82,0.777,0.199,0.901,0.764,5.4,0.201,91
0.271,54.83,0.486,0.553,0.562,0.17,11.4,0.44,108
0.645,76.76,0.404,0.678,0.973,0.08,14.8,0.76,79
0.916,35.94,0.713,0.34,0.201,0.333,15.3,0.479,95
0.829,29.08,0.495,0.998,0.613,0.736,9.0,0.576,105
0.959,31.19,0.646,0.653,0.663,0.231,6.0,0.291,93
0.495,75.29,0.191,0.947,0.97,0.566,5.9,0.586,111
0.14,19.02,0.153,0.296,0.107,0.697,5.8,0.398,80
0.333,33.94,0.976,0.818,0.451,0.185,12.1,0.252,104
0.252,50.53,0.661,0.1,0.909,0.077,15.3,0.609,98
0.338,62.96,0.996,0.581,0.273,0.187,12.4,0.557,63
0.813,31.61,0.931,0.837,0.54,0.019,12.8,0.792,120
0.725,25.85,0.591,0.242,0.948,0.652,11.2,0.472,84
0.115,90.35,0.469,0.565,0.201,0.016,12.2,0.746,91
0.743,77.33,0.852,0.209,0.327,0.318,6.4,0.784,104
0.489,24.41,0.474,0.033,0.336,0.04,13.9,0.39,76
0.925,63.92,0.91,0.826,0.958,0.402,13.5,0.459,88
0.371,56.75,0.382,0.89,0.291,0.591,10.2,0.729,91
0.817,56.94,0.34,0.015,0.96,0.297,11.3,0.985,89
0.899,95.27,0.227,0.249,0.613,0.978,9.5,0.064,89
0.713,16.83,0.327,0.855,0.158,0.748,6.1,0.894,98
0.403,73.61,0.703,0.335,0.412,0.518,6.6,0.144,95
0.311,26.56,0.819,0.56,0.954,0.205,15.4,0.512,95
0.864,11.1,0.311,0.24,0.018,0.093,6.4,0.589,73
0.452,19.94,0.289,0.099,0.972,0.141,7.5,0.307,108
0.035,19.52,0.22,0.716,0.064,0.144,7.1,0.978,106
0.618,81.22,0.602,0.349,0.282,0.812,15.6,0.004,62
0.572,93.19,0.187,0.704,0.978,0.933,15.5,0.322,120
0.408,52.35,0.905,0.89,0.046,0.315,6.9,0.91,105
0.772,72.74,0.31,0.122,0.881,0.091,12.3,0.92,68
0.811,84.08,0.727,0.777,0.581,0.73,12.0,0.187,82
0.348,40.88,0.61,0.131,0.438,0.243,15.9,0.843,75
0.577,49.61,1.0,0.722,0.085,0.899,8.3,0.772,83
0.661,20.73,0.31,0.763,0.938,0.315,5.3,0.432,55
0.013,72.37,0.086,0.789,0.521,0.724,13.1,0.564,62
0.909,97.84,0.142,0.617,0.675,0.052,15.0,0.968,90
0.82,18.88,0.342,0.292,0.405,0.86,14.8,0.623,78
0.388,19.22,0.845,0.444,0.811,0.03,15.4,0.571,73
0.084,50.63,0.859,0.915,0.85,0.474,9.3,0.836,105
0.333,67.08,0.569,0.275,0.728,0.2,13.2,0.159,93
0.825,94.81,0.242,0.314,0.79,0.051,14.8,0.553,84
0.428,97.05,0.725,0.28,0.592,0.49,14.1,0.177,90
0.447,57.82,0.819,0.42,0.831,0.164,15.9,0.862,80
0.252,27.01,0.494,0.628,0.433,0.55,6.9,0.087,65
0.804,29.31,0.631,0.634,0.546,0.49,8.9,0.181,69
0.114,44.91,0.796,0.55,0.112,0.875,13.5,0.45,75
0.494,74.7,0.361,0.499,0.978,0.931,13.7,0.588,74
0.126,77.96,0.414,0.443,0.784,0.493,9.5,0.644,86
0.113,62.32,0.606,0.922,0.841,0.476,13.6,0.402,89
0.585,48.06,0.375,0.491,0.755,0.486,14.0,0.033,65
0.306,10.74,0.484,0.974,0.675,0.217,13.5,0.441,89
0.15,56.57,0.559,0.53,0.367,0.755,7.2,0.356,101
0.309,48.92,0.104,0.008,0.267,0.262,11.0,0.864,121
0.571,49.05,0.275,0.842,0.506,0.447,10.6,0.779,102
0.411,90.59,0.122,0.801,0.174,0.137,10.7,0.299,100
0.019,79.58,0.529,0.772,0.237,0.939,9.1,0.109,67
0.369,45.25,0.762,0.231,0.099,0.07,10.4,0.388,116
0.075,84.78,0.128,0.692,0.887,0.963,5.1,0.041,113
0.699,52.8,0.171,0.856,0.148,0.851,10.2,0.303,110
0.878,63.38,0.479,0.708,0.089,0.304,8.6,0.596,121
0.95,87.42,0.511,0.786,0.649,0.747,14.7,0.309,84
0.093,93.64,0.265,0.45,0.85,0.07,9.2,0.537,116
0.453,27.46,0.868,0.372,0.05,0.372,14.4,0.082,99
0.808,12.16,0.954,0.237,0.748,0.85,5.2,0.009,99
0.874,26.26,0.075,0.414,0.209,0.944,15.8,0.208,89
0.35,35.31,0.509,0.68,0.46,0.395,12.7,0.915,86
0.879,54.46,0.697,0.818,0.933,0.599,9.3,0.084,62
0.289,63.02,0.7,0.177,0.164,0.563,8.3,0.494,95
0.896,32.76,0.787,0.818,0.293,0.251,10.0,0.799,80
0.897,16.5,0.958,0.254,0.249,0.356,5.7,0.219,63
0.038,88.29,0.595,0.231,0.213,0.048,15.0,0.928,109
0.98,47.51,0.56,0.566,0.969,0.282,6.5,0.871,70
0.943,33.66,0.642,0.111,0.223,0.829,13.4,0.398,89
0.196,19.58,0.606,0.858,0.137,0.277,7.2,0.826,83
0.287,89.75,0.513,0.96,0.566,0.831,5.7,0.045,108
0.687,60.39,0.986,0.995,0.817,0.798,5.8,0.435,113
0.573,82.81,0.371,0.09,0.137,0.129,12.1,0.496,114
0.086,74.87,0.826,0.873,0.055,0.975,11.1,0.391,75
0.01,75.66,0.612,0.337,0.375,0.553,5.8,0.277,105
0.851,78.1,0.702,0.954,0.893,0.402,14.2,0.484,110
0.752,82.66,0.912,0.415,0.862,0.18,7.5,0.572,114
0.071,24.53,0.795,0.245,0.356,0.391,12.0,0.595,79
0.672,33.7,0.585,0.332,0.371,0.643,9.2,0.651,70
0.414,74.37,0.344,0.786,0.244,0.436,8.7,0.023,112
0.732,46.61,0.855,0.063,0.278,0.131,13.7,0.589,122
0.433,29.91,0.953,0.273,0.193,0.957,7.5,0.281,95
0.454,25.04,0.973,0.84,0.999,0.267,10.8,0.932,102
0.933,30.62,0.943,0.014,0.18,0.881,7.7,0.302,62
0.258,28.0,0.837,0.364,0.058,0.012,13.9,0.276,114
0.591,67.4,0.195,0.293,0.748,0.871,8.9,0.428,69
0.345,14.58,0.127,0.68,0.388,0.969,6.5,0.795,105
0.877,76.35,0.869,0.386,0.89,0.423,12.8,0.553,87
0.934,11.67,0.207,0.941,0.073,0.489,8.1,0.932,116
0.173,76.85,0.902,0.917,0.542,0.482,10.7,0.66,108
0.245,99.42,0.776,0.613,0.668,0.029,7.9,0.746,90
0.301,12.89,0.641,0.429,0.981,0.388,7.8,0.473,103
0.943,13.74,0.312,0.122,0.011,0.123,9.7,0.072,74
0.962,93.22,0.216,0.67,0.382,0.537,12.8,0.894,102
0.264,45.4,0.955,0.772,0.515,0.763,13.9,0.53,77
0.571,77.47,0.657,0.258,0.624,0.762,9.5,0.381,110
0.763,49.79,0.274,0.548,0.654,0.121,8.8,0.076,113
0.036,33.63,0.882,0.63,0.669,0.609,8.6,0.49,83
0.566,58.81,0.722,0.667,0.543,0.262,9.9,0.646,91
0.862,88.5,0.525,0.486,0.915,0.04,8.0,0.876,105
0.072,27.86,0.129,0.79,0.611,0.397,8.1,0.575,109
0.233,47.73,0.958,0.758,0.633,0.356,12.3,0.136,70
0.165,90.78,0.927,0.874,0.693,0.916,7.0,0.573,77
0.775,88.6,0.896,0.534,0.037,0.152,13.8,0.02,92
0.049,41.3,0.689,0.004,0.855,0.261,10.0,0.489,85
0.725,90.22,0.055,0.244,0.34,0.67,9.8,0.688,83
0.249,13.64,0.897,0.776,0.339,0.48,7.2,0.097,106
0.273,25.93,0.703,0.4,0.582,0.819,8.0,0.49,96
0.872,18.73,0.202,0.203,0.996,0.58,13.1,0.79,95
0.585,50.55,0.298,0.464,0.921,0.179,6.8,0.789,78
0.134,56.52,0.622,0.398,0.882,0.309,9.6,0.035,112
0.18,52.83,0.267,0.484,0.121,0.227,8.8,0.458,97
0.251,54.27,0.558,0.737,0.173,0.249,10.8,0.313,105
0.406,68.07,0.75,0.607,0.613,0.803,7.8,0.349,96
0.399,74.46,0.905,0.627,0.343,0.748,13.9,0.572,91
0.537,66.03,0.432,0.491,0.313,0.08,14.5,0.131,95
0.138,65.11,0.392,0.289,0.004,0.455,6.1,0.837,77
0.227,19.27,0.372,0.566,0.817,0.894,10.5,0.327,80
0.714,79.52,0.208,0.836,0.476,0.198,7.8,0.967,83
0.629,10.02,0.415,0.478,0.813,0.036,10.6,0.144,85
0.155,13.95,0.911,0.806,0.388,0.492,8.0,0.801,101
0.263,41.15,0.096,0.148,0.141,0.475,15.1,0.211,108
0.806,26.92,0.555,0.856,0.158,0.413,9.5,0.078,81
0.942,39.81,0.71,0.509,0.17,0.959,10.9,0.102,100
0.657,90.16,0.371,0.595,0.066,0.646,10.6,0.236,69
0.041,98.77,0.776,0.03,0.481,0.292,12.4,0.886,102
0.228,79.77,0.937,0.437,0.032,0.823,12.4,0.997,90
0.144,95.32,0.875,0.31,0.294,0.373,7.0,0.305,67
0.513,42.01,0.803,0.784,0.948,0.01,11.5,0.111,75
0.316,29.33,0.035,0.999,0.84,0.709,10.0,0.856,61
0.493,34.0,0.187,0.091,0.726,0.759,6.7,0.543,119
0.737,33.56,0.44,0.271,0.27,0.098,14.8,0.823,87
0.956,19.54,0.355,0.829,0.088,0.865,7.3,0.183,79
0.427,30.38,0.762,0.409,0.55,0.122,8.4,0.855,97
0.418,46.86,0.262,0.488,0.772,0.893,15.3,0.292,95
0.579,71.18,0.216,0.896,0.874,0.123,6.8,0.891,85
0.819,82.89,0.023,0.278,0.928,0.653,14.6,0.758,75
0.538,37.08,0.196,0.421,0.269,0.47,13.7,0.196,102
0.592,74.4,0.15,0.878,0.426,0.964,9.7,0.545,63
0.855,22.59,0.718,0.879,0.434,0.03,6.2,0.653,113
0.933,24.37,0.902,0.068,0.505,0.813,10.4,0.995,111
0.809,27.9,0.959,0.381,0.215,0.848,7.0,0.026,77
0.127,78.48,0.354,0.052,0.935,0.592,15.8,0.616,60
0.662,60.89,0.166,0.453,0.237,0.723,13.5,0.361,89
0.736,60.64,0.924,0.557,0.634,0.524,14.6,0.584,65
0.15,81.32,0.877,0.006,0.091,0.993,10.0,0.641,62
0.913,43.57,0.589,0.975,0.271,0.814,6.8,0.233,113
0.803,49.71,0.089,0.887,0.882,0.51,6.3,0.586,63
0.883,25.27,0.011,0.253,0.712,0.314,7.1,0.362,113
0.503,45.07,0.615,0.065,0.941,0.845,9.1,0.806,63
0.962,71.53,0.505,0.238,0.172,0.976,15.7,0.17,106
0.042,72.91,0.554,0.668,0.729,0.097,5.4,0.339,98
0.549,10.65,0.318,0.41,0.114,0.013,14.2,0.196,104
0.172,41.01,0.209,0.753,0.189,0.87,7.2,0.988,107
0.156,80.27,0.365,0.933,0.05,0.853,14.6,0.187,93
0.719,93.0,0.139,0.33,0.712,0.193,9.1,0.79,93
0.336,53.22,0.3,0.391,0.317,0.204,10.3,0.172,62
0.773,45.92,0.794,0.858,0.762,0.791,10.3,0.033,88
0.536,43.87,0.214,0.27,0.345,0.644,13.7,0.249,92
0.21,27.77,0.339,0.91,0.213,0.184,13.0,0.117,61
0.845,54.9,0.038,0.403,0.113,0.212,6.5,0.882,75
0.781,18.5,0.071,0.838,0.001,0.282,9.0,0.71,121
0.095,15.24,0.45,0.803,0.623,0.516,5.2,0.168,93
0.415,76.49,0.291,0.726,0.237,0.396,8.2,0.141,71
0.22,51.85,0.572,0.059,0.706,0.155,14.8,0.055,89
0.355,80.55,0.469,0.028,0.944,0.66,12.8,0.785,97
0.123,39.75,0.61,0.977,0.432,0.705,11.8,0.038,94
0.576,88.87,0.814,0.228,0.527,0.634,8.4,0.83,84
0.326,62.2,0.772,0.22,0.753,0.559,5.4,0.813,82
0.476,38.93,0.755,0.763,0.825,0.812,7.1,0.975,110
0.943,14.09,0.664,0.096,0.35,0.501,11.9,0.503,123
0.659,33.42,0.953,0.071,0.977,0.149,12.6,0.968,71
0.721,54.53,0.99,0.714,0.849,0.433,12.4,0.684,119
0.946,56.91,0.227,0.315,0.005,0.468,12.0,0.779,121
0.464,68.84,0.091,0.428,0.601,0.88,12.6,0.689,108
0.822,70.66,0.127,0.399,0.66,0.833,8.6,0.706,75
0.351,37.85,0.068,0.72,0.513,0.239,5.7,0.415,68
0.596,97.85,0.947,0.321,0.926,0.545,10.4,0.005,96
0.919,65.87,0.85,0.004,0.725,0.227,15.8,0.515,85
0.633,94.81,0.438,0.1,0.717,0.829,10.1,0.599,120
0.065,26.41,0.2,0.945,0.201,0.659,15.9,0.227,73
0.986,65.13,0.529,0.802,0.542,0.063,14.8,0.341,108
0.286,51.19,0.086,0.362,0.693,0.352,13.6,0.65,85
0.444,89.56,0.806,0.999,0.292,0.251,6.0,0.614,104
0.748,33.27,0.023,0.91,0.616,0.476,12.2,0.634,126
0.744,72.61,0.712,0.834,0.613,0.183,6.5,0.058,82
0.015,75.01,0.135,0.918,0.156,0.018,13.6,1.0,56
0.316,35.7,0.456,0.059,0.64,0.573,8.8,0.93,85
0.2,15.84,0.555,0.681,0.734,0.876,12.9,0.282,73
0.658,49.48,0.068,0.571,0.734,0.04,7.1,0.682,70
0.44,80.42,0.891,0.352,0.166,0.719,14.7,0.809,77
0.82,21.31,0.534,0.614,0.051,0.473,6.7,0.834,62
0.174,79.16,0.651,0.216,0.054,0.235,10.9,0.384,70
0.27,76.21,0.974,0.627,0.99,0.361,7.7,0.369,83
0.584,30.24,0.569,0.175,0.455,0.56,12.7,0.24,82
0.004,30.9,0.269,0.192,0.044,0.649,5.4,0.734,72
0.962,83.9,0.722,0.923,0.022,0.729,8.0,0.528,85
0.091,57.77,0.848,0.403,0.204,0.643,11.8,0.821,111
0.426,70.5,0.015,0.309,0.255,0.1,9.0,0.876,103
0.437,56.26,0.173,0.47,0.414,0.876,7.3,0.157,111
0.937,31.71,0.731,0.743,0.33,0.689,12.4,0.472,63
0.343,46.84,0.229,0.454,0.352,0.399,10.0,0.731,106
0.676,43.84,0.584,0.413,0.187,0.347,10.7,0.28,108
0.505,99.81,0.116,0.626,0.835,0.181,9.2,0.34,73
0.576,97.49,0.273,0.407,0.205,0.699,10.1,0.645,61
0.281,60.12,0.739,0.676,0.187,0.164,5.5,0.364,106
0.692,34.47,0.195,0.695,0.744,0.787,14.8,0.758,95
0.638,65.45,0.325,0.628,0.593,0.093,10.8,0.602,110
0.928,87.45,0.111,0.111,0.827,0.205,15.1,0.719,57
0.248,36.21,0.695,0.389,0.853,0.008,11.2,0.212,82
0.357,51.43,0.7,0.222,0.961,0.488,9.0,0.935,89
0.696,89.62,0.253,0.579,0.969,0.339,5.2,0.746,90
0.928,80.27,0.184,0.132,0.488,0.946,15.9,0.299,123
0.578,67.95,0.877,0.87,0.966,0.596,11.2,0.061,108
0.214,24.39,0.182,0.905,0.052,0.287,13.7,0.819,70
0.515,87.19,0.359,0.005,0.94,0.424,12.2,0.008,82
0.117,35.69,0.324,0.1,0.459,0.346,12.8,0.611,106
0.158,57.87,0.75,0.296,0.429,0.558,10.6,0.015,97
0.811,56.07,0.532,0.297,0.909,0.249,9.6,0.799,101
0.565,32.62,0.081,0.694,0.292,0.787,8.7,0.32,114
0.423,67.2,0.368,0.149,0.181,0.347,11.8,0.965,95
0.889,11.85,0.746,0.349,0.655,0.662,11.3,0.83,99
0.786,38.68,0.994,0.862,0.308,0.188,15.5,0.359,92
0.17,96.04,0.298,0.271,0.765,0.371,8.8,0.058,114
0.085,98.1,0.295,0.61,0.213,0.092,15.1,0.736,104
0.232,78.64,0.6,0.038,0.757,0.319,8.6,0.575,121
0.364,89.0,0.416,0.757,0.421,0.888,5.5,0.865,79
0.514,21.03,0.106,0.874,0.388,0.805,13.6,0.263,70
0.288,24.43,0.274,0.335,0.864,0.593,11.9,0.186,72
0.133,84.72,0.888,0.429,0.337,0.381,13.7,0.049,62
0.671,81.19,0.14,0.679,0.717,0.237,6.0,0.032,125
0.899,11.66,0.413,0.785,0.439,0.522,5.1,0.046,76
0.171,28.63,0.132,0.433,0.33,0.334,14.5,0.07,112
0.091,95.16,0.402,0.724,0.134,0.538,6.4,0.307,93
0.08,11.65,0.486,0.644,0.589,0.828,14.8,0.751,85
0.717,25.09,0.656,0.186,0.174,0.111,6.6,0.159,67
0.944,20.7,0.507,0.533,0.301,0.396,12.7,0.803,102
0.242,58.13,0.591,0.581,0.217,0.883,11.7,0.285,99
0.426,70.46,0.432,0.069,0.404,0.857,7.3,0.848,90
0.992,70.82,0.942,0.993,0.053,0.474,6.5,0.452,121
0.721,90.93,0.049,0.166,0.739,0.781,5.8,0.722,102
0.528,13.22,0.209,0.723,0.526,0.603,13.2,0.23,109
0.873,92.64,0.714,0.703,0.682,0.471,9.3,0.509,97
0.753,99.86,0.435,0.952,0.812,0.436,5.5,0.834,87
0.519,48.42,0.883,0.261,0.722,0.631,7.1,0.285,90
0.505,77.69,0.335,0.977,0.56,0.325,11.8,0.203,67
0.627,45.23,0.412,0.756,0.596,0.377,13.9,0.131,123
0.51,27.89,0.61,0.506,0.971,0.184,13.9,0.318,84
0.932,29.54,0.564,0.317,0.043,0.75,7.8,0.905,63
0.911,38.36,0.668,0.682,0.665,0.157,6.1,0.717,78
0.958,29.95,0.154,0.399,0.657,0.193,9.8,0.909,88
0.283,14.28,0.208,0.343,0.575,0.893,12.2,0.884,120
0.852,88.88,0.107,0.274,0.253,0.868,8.0,0.644,103
0.497,31.62,0.61,0.487,0.045,0.873,14.4,0.558,80
0.221,72.58,0.742,0.911,0.029,0.12,13.6,0.465,72
0.13,17.56,0.275,0.823,0.186,0.082,12.1,0.719,86
0.029,73.75,0.953,0.465,0.351,0.187,12.2,0.162,120
0.052,86.89,0.1,0.751,0.145,0.873,14.6,0.398,68
0.265,92.01,0.433,0.944,0.517,0.155,15.9,0.415,113
0.543,89.98,0.022,0.43,0.263,0.639,12.8,0.976,74
0.828,62.81,0.971,0.849,0.586,0.515,5.5,0.908,97
0.648,76.0,0.576,0.812,0.289,0.811,13.4,0.102,100
0.622,23.94,0.606,0.758,0.217,0.408,14.3,0.495,93
0.157,94.52,0.874,0.216,0.648,0.129,14.6,0.364,74
0.228,62.47,0.601,0.942,0.15,0.836,12.4,0.216,107
0.702,67.6,0.671,0.073,0.504,0.562,5.1,0.141,65
0.659,94.41,0.707,0.728,0.25,0.281,11.4,0.392,118
0.287,15.54,0.297,0.087,0.11,0.934,10.9,0.878,59
0.89,81.14,0.943,0.082,0.716,0.009,8.8,0.903,82
0.465,82.87,0.872,0.028,0.195,0.961,6.7,0.488,86
0.31,44.58,0.15,0.924,0.168,0.5,5.0,0.382,113
0.104,37.61,0.868,0.043,0.75,0.678,11.1,0.061,110
0.135,73.27,0.734,0.302,0.713,0.783,14.5,0.779,88
0.356,26.75,0.177,0.127,0.57,0.188,15.2,0.393,87
0.982,64.42,0.21,0.709,0.468,0.186,5.2,0.363,69
0.687,44.69,0.525,0.418,0.738,0.998,6.3,0.108,69
0.907,45.72,0.254,0.294,0.426,0.879,11.1,0.66,76
0.437,93.32,0.424,0.133,0.218,0.53,8.4,0.898,111
0.512,99.6,0.255,0.92,0.418,0.993,9.7,0.128,87
0.323,41.45,0.859,0.846,0.707,0.707,12.9,0.81,103
0.477,83.69,0.48,0.038,0.11,0.361,9.4,0.572,108
0.161,27.14,0.173,0.14,0.63,0.034,10.4,0.435,98
0.889,53.26,0.973,0.206,0.122,0.189,10.9,0.0,120
0.974,58.38,0.301,0.127,0.178,0.406,7.9,0.917,83
0.127,47.33,0.764,0.133,0.674,0.909,9.5,0.132,61
0.909,59.82,0.252,0.377,0.538,0.107,9.9,0.542,100
0.932,36.46,0.279,0.453,0.528,0.659,9.7,0.153,66
0.139,75.18,0.051,0.274,0.634,0.654,5.8,0.591,104
0.382,23.69,0.566,0.06,0.004,0.348,14.7,0.505,110
0.206,65.46,0.956,0.232,0.14,0.571,11.9,0.051,74
0.741,34.67,0.531,0.875,0.625,0.632,10.8,0.176,58
0.739,74.57,0.835,0.806,0.996,0.154,14.0,0.71,100
0.137,93.32,0.408,0.225,0.824,0.965,8.2,0.366,106
0.398,40.07,0.905,0.451,0.257,0.219,9.6,0.746,92
0.81,89.98,0.622,0.589,0.569,0.813,7.7,0.628,106
0.145,92.98,0.574,0.624,0.428,0.026,10.9,0.11,66
0.652,57.91,0.556,0.598,0.99,0.946,13.3,0.778,76
0.324,49.68,0.428,0.851,0.58,0.252,6.7,0.902,89
0.716,75.43,0.545,0.612,0.871,0.889,11.9,0.809,88
0.71,98.64,0.002,0.339,0.36,0.815,15.4,0.21,70
0.941,66.94,0.25,0.313,0.188,0.856,11.4,0.033,68
0.92,68.14,0.501,0.288,0.225,0.14,14.2,0.177,85
0.35,25.71,0.369,0.63,0.665,0.46,9.6,0.342,77
0.411,47.92,0.202,0.221,0.376,0.803,10.7,0.898,82
0.98,90.41,0.873,0.239,0.801,0.591,9.8,0.368,100
0.513,84.51,0.471,0.616,0.907,0.695,11.5,0.88,64
0.482,87.67,0.281,0.563,0.334,0.286,10.2,0.231,111
0.115,66.36,0.952,0.622,0.782,0.596,6.9,0.238,116
0.79,82.5,0.366,0.981,0.355,0.846,13.5,0.451,94
0.766,66.14,0.849,0.403,0.212,0.992,9.5,0.815,93
0.47,82.38,0.322,0.664,0.264,0.021,8.9,0.289,84
0.768,59.29,0.991,0.251,0.915,0.133,5.5,0.398,104
0.45,75.3,0.287,0.496,0.483,0.335,12.9,0.798,96
0.996,83.19,0.162,0.672,0.296,0.658,15.8,0.828,111
0.52,61.36,0.524,0.847,0.028,0.577,13.5,0.791,108
0.169,55.13,0.377,0.561,0.347,0.95,7.0,0.087,92
0.697,60.24,0.214,0.589,0.908,0.379,10.0,0.331,115
0.777,91.74,0.651,0.603,0.968,0.139,11.0,0.756,103
0.603,19.23,0.928,0.473,0.331,0.352,12.4,0.937,60
0.442,27.0,0.903,0.4,0.817,0.172,15.7,0.501,67
0.71,16.19,0.614,0.617,0.763,0.889,13.4,0.587,72
0.186,59.01,0.122,0.042,0.321,0.495,15.3,0.292,98
0.532,96.85,0.765,0.196,0.784,0.442,15.9,0.325,64
0.775,62.49,0.861,0.579,0.194,0.514,6.0,0.121,100
0.253,55.29,0.875,0.211,0.959,0.265,14.5,0.208,91
0.496,14.78,0.416,0.673,0.351,0.17,7.3,0.298,93
0.329,80.57,0.249,0.443,0.463,0.119,10.9,0.646,90
0.548,28.15,0.821,0.598,0.327,0.644,8.9,0.918,102
0.922,33.23,0.755,0.952,0.797,0.77,5.2,0.363,81
0.554,25.17,0.842,0.43,0.786,0.856,5.4,0.204,90
0.388,32.2,0.494,0.45,0.751,0.567,14.1,0.656,118
0.107,90.43,0.609,0.238,0.537,0.289,9.2,0.382,122
0.216,64.58,0.89,0.92,0.117,0.888,11.7,0.105,81
0.787,86.02,0.054,0.126,0.313,0.303,10.4,0.093,95
0.65,89.22,0.05,0.726,0.374,0.686,15.7,0.547,78
0.257,60.23,0.712,0.453,0.84,0.074,12.1,0.863,59
0.483,94.46,0.077,0.989,0.5,0.747,6.3,0.408,72
0.958,71.91,0.929,0.321,0.082,0.11,7.8,0.546,83
0.957,12.03,0.492,0.545,0.23,0.007,5.6,0.684,105
0.242,36.46,0.869,0.887,0.455,0.279,7.5,0.323,89
0.252,91.72,0.954,0.505,0.541,0.146,11.6,0.294,68
0.169,81.6,0.832,0.596,0.241,0.757,10.5,0.585,91
0.199,98.57,0.361,0.209,0.581,0.425,13.8,0.691,105
0.135,13.91,0.009,0.294,0.207,0.167,13.2,0.191,76
0.867,82.45,0.478,0.602,0.42,0.198,6.4,0.022,115
0.101,39.94,0.876,0.898,0.694,0.272,11.4,0.932,97
0.58,78.35,0.357,0.979,0.181,0.982,7.2,0.38,67
0.048,16.38,0.826,0.305,0.101,0.459,11.9,0.753,76
0.098,94.49,0.874,0.037,0.135,0.425,9.2,0.703,91
0.164,89.61,0.795,0.432,0.762,0.791,15.2,0.136,102
0.033,87.75,0.927,0.145,0.79,0.198,9.7,0.564,84
0.052,39.94,0.254,0.848,0.181,0.773,10.2,0.99,90
0.769,52.69,0.835,0.547,0.543,0.713,9.9,0.609,123
0.096,95.9,0.159,0.953,0.861,0.102,12.2,0.809,72
0.894,70.94,0.198,0.416,0.057,0.763,14.2,0.173,101
0.104,10.63,0.67,0.073,0.847,0.944,10.6,0.987,65
0.976,30.24,0.924,0.844,0.954,0.627,6.7,0.035,115
0.006,75.48,0.031,0.106,0.471,0.258,5.9,0.157,88
0.928,65.28,0.769,0.558,0.22,0.617,5.1,0.614,87
0.501,80.97,0.777,0.898,0.628,0.458,13.8,0.936,113
0.69,70.61,0.695,0.111,0.084,0.919,14.8,0.204,63
0.242,62.91,0.025,0.315,0.095,0.298,13.6,0.737,108
0.695,10.45,0.97,0.13,0.779,0.67,5.5,0.077,112
0.888,79.7,0.09,0.506,0.721,0.8,7.6,0.654,79
0.116,16.0,0.391,0.095,0.503,0.204,16.0,0.884,91
0.927,59.1,0.424,0.485,0.234,0.539,5.5,0.945,106
0.559,77.01,0.139,0.355,0.347,0.876,10.9,0.818,84
0.599,10.84,0.165,0.322,0.666,0.272,14.8,0.404,102
0.504,25.53,0.589,0.636,0.877,0.11,10.6,0.432,78
0.915,97.03,0.773,0.113,0.674,0.098,7.1,0.44,103
0.492,61.8,0.71,0.509,0.325,0.465,5.3,0.016,112
0.498,13.53,0.444,0.795,0.655,0.688,10.9,0.379,62
0.554,37.49,0.589,0.782,0.446,0.471,6.5,0.695,69
0.543,43.79,0.7,0.797,0.031,0.411,14.2,0.291,92
0.606,83.79,0.732,0.271,0.21,0.512,6.2,0.76,118
0.503,50.58,0.538,0.997,0.797,0.247,10.2,0.044,101
0.136,67.08,0.331,0.906,0.662,0.375,11.7,0.284,101
0.746,30.91,0.288,0.273,0.182,0.415,15.8,0.93,85
0.397,14.51,0.503,0.798,0.37,0.018,13.4,0.679,66
0.012,46.15,0.327,0.53,0.466,0.69,6.1,0.709,70
0.019,20.39,0.129,0.982,0.45,0.426,13.8,0.045,98
0.39,14.85,0.662,0.129,0.673,0.279,7.2,0.274,113
0.581,16.8,0.998,0.918,0.912,0.458,15.2,0.041,107
0.65,52.81,0.026,0.34,0.765,0.49,10.6,0.298,93
0.895,74.67,0.634,0.974,0.552,0.356,11.7,0.377,82
0.326,18.48,0.57,0.996,0.582,0.282,7.4,0.825,70
0.108,45.77,0.257,0.939,0.366,0.399,12.5,0.745,99
0.012,86.19,0.193,0.928,0.814,0.169,12.2,0.083,77
0.517,33.88,0.452,0.814,0.895,0.095,6.2,0.472,125
0.963,30.78,0.968,0.464,0.151,0.947,6.4,0.852,100
0.674,50.37,0.729,0.174,0.877,0.785,14.8,0.566,110
0.381,17.98,0.114,0.707,0.601,0.358,13.3,0.629,94
0.032,56.18,0.944,0.039,0.387,0.673,13.2,0.851,78
0.01,21.51,0.626,0.9,0.639,0.422,15.9,0.61,90
0.687,25.05,0.228,0.581,0.84,0.865,13.4,0.289,119
0.391,79.4,0.852,0.165,0.375,0.035,11.9,0.258,82
0.284,21.31,0.634,0.104,0.306,0.212,15.3,0.217,96
0.09,99.88,0.542,0.17,0.941,0.33,14.2,0.826,74
0.197,35.86,0.937,0.359,0.395,0.449,7.4,0.026,102
0.775,63.84,0.698,0.926,0.112,0.078,13.1,0.151,118
0.454,69.33,0.799,0.877,0.042,0.574,11.7,0.75,89
0.429,71.14,0.724,0.278,0.093,0.094,6.3,0.856,106
0.08,15.44,0.668,0.623,0.323,0.896,6.8,0.512,106
0.69,61.66,0.794,0.758,0.528,0.096,7.2,0.904,120
0.541,84.72,0.604,0.601,0.691,0.489,12.2,0.532,72
0.016,37.11,0.153,0.233,0.364,0.061,5.8,0.046,88
0.454,80.46,0.611,0.475,0.173,0.789,12.4,0.376,99
0.846,19.81,0.88,0.292,0.558,0.449,10.9,0.181,88
0.764,55.46,0.38,0.729,0.153,0.621,10.1,0.011,91
0.054,71.56,0.527,0.985,0.187,0.654,9.7,0.667,73
0.859,74.45,0.677,0.415,0.998,0.576,10.5,0.311,112
0.72,41.03,0.945,0.544,0.674,0.768,13.9,0.548,72
0.068,41.72,0.662,0.375,0.457,0.977,8.0,0.589,95
0.317,80.93,0.072,0.133,0.212,0.725,9.7,0.765,71
0.777,13.55,0.563,0.114,0.654,0.705,13.5,0.206,100
0.961,36.77,0.908,0.817,0.252,0.391,15.1,0.445,80
0.339,65.39,0.202,0.678,0.481,0.697,14.4,0.997,106
0.951,52.94,0.346,0.51,0.587,0.847,13.2,0.762,92
0.574,39.89,0.814,0.792,0.468,0.524,11.5,0.024,72
0.222,22.93,0.707,0.011,0.234,0.245,16.0,0.017,111
0.814,22.26,0.64,0.434,0.959,0.627,11.1,0.646,103
0.322,74.6,0.066,0.067,0.494,0.597,10.9,0.68,70
0.009,55.75,0.476,0.164,0.729,0.941,10.8,0.82,56
0.943,36.41,0.043,0.175,0.006,0.284,13.5,0.32,85
0.763,46.59,0.896,0.045,0.765,0.17,7.0,0.397,114
0.498,44.92,0.205,0.233,0.583,0.09,6.2,0.198,103
0.72,24.63,0.363,0.772,0.373,0.688,13.9,0.452,107
0.409,87.22,0.862,0.129,0.716,0.141,15.3,0.355,87
0.503,90.1,0.575,0.589,0.919,0.963,9.6,0.902,80
0.517,98.67,0.167,0.16,0.518,0.019,10.5,0.764,114
0.488,43.48,0.04,0.137,0.17,0.42,10.0,0.69,61
0.396,59.97,0.709,0.945,0.684,0.5,13.5,0.171,111
0.861,93.99,0.108,0.809,0.52,0.306,6.4,0.588,105
0.617,59.81,0.986,0.852,0.066,0.568,14.0,0.112,93
0.101,93.95,0.015,0.114,0.372,0.213,15.9,0.038,111
0.492,88.89,0.194,0.481,0.206,0.309,14.2,0.656,80
0.448,24.16,0.794,0.12,0.655,0.122,11.1,0.748,79
0.872,44.45,0.315,0.187,0.998,0.719,10.4,0.98,72
0.828,29.35,0.443,0.496,0.259,0.712,5.1,0.119,59
0.563,66.4,0.642,0.485,0.297,0.077,10.8,0.564,107
0.405,12.87,0.767,0.601,0.953,0.349,12.8,0.452,117
0.127,71.07,0.955,0.436,0.145,0.974,8.4,0.793,63
0.554,26.76,0.448,0.861,0.709,0.195,11.1,0.856,73
0.47,97.56,0.375,0.889,0.411,0.583,13.0,0.662,108
0.03,65.74,0.713,0.096,0.645,0.338,11.4,0.639,105
0.146,37.91,0.933,0.611,0.959,0.898,7.6,0.682,107
0.547,51.42,0.133,0.33,0.407,0.384,13.5,0.526,66
0.663,62.03,0.254,0.605,0.501,0.733,8.3,0.013,90
0.588,27.0,0.083,0.627,0.049,0.935,14.9,0.979,74
0.197,17.04,0.436,0.799,0.537,0.02,6.0,0.381,76
0.02,44.78,0.962,0.116,0.31,0.454,10.1,0.463,91
0.266,33.44,0.915,0.485,0.897,0.518,15.6,0.517,80
0.0,88.72,0.667,0.614,0.935,0.97,10.6,0.91,82
0.901,11.77,0.525,0.081,0.762,0.183,13.5,0.817,89
0.687,70.22,0.612,0.763,0.668,0.473,11.3,0.923,79
0.23,31.84,0.183,0.81,0.373,0.328,10.7,0.665,105
0.087,36.82,0.071,0.729,0.173,0.984,13.4,0.118,73
0.861,44.21,0.906,0.781,0.594,0.538,8.8,0.167,75
0.265,21.89,0.945,0.727,0.992,0.557,11.8,0.288,122
0.012,59.5,0.354,0.196,0.199,0.035,6.1,0.265,93
0.253,95.92,0.369,0.032,0.245,0.581,8.7,0.639,75
0.902,98.04,0.011,0.891,0.22,0.756,13.6,0.326,75
0.732,39.53,0.006,0.927,0.553,0.849,7.8,0.933,85
0.792,12.56,0.025,0.352,0.148,0.926,6.5,0.689,83
0.333,43.5,0.544,0.427,0.666,0.346,15.2,0.01,114
0.798,48.47,0.977,0.606,0.419,0.586,8.2,0.451,122
0.471,57.88,0.727,0.901,0.936,0.226,7.2,0.622,107
0.247,36.67,0.363,0.508,0.955,0.96,8.9,0.06,77
0.049,82.99,0.475,0.173,0.271,0.737,8.7,0.892,90
0.09,38.06,0.225,0.714,0.923,0.164,14.6,0.34,82
0.058,56.57,0.339,0.006,0.174,0.253,9.0,0.459,91
0.744,88.63,0.465,0.433,0.285,0.619,10.8,0.488,81
0.606,59.68,0.809,0.335,0.615,0.086,8.3,0.52,77
0.015,42.41,0.524,0.858,0.605,0.442,7.4,0.836,98
0.654,35.19,0.487,0.314,0.272,0.429,7.9,0.954,117
0.88,83.55,0.565,0.299,0.794,0.071,15.8,0.376,74
0.903,28.72,0.233,0.115,0.113,0.296,9.1,0.169,113
0.644,19.77,0.192,0.186,0.718,0.183,15.4,0.031,123
0.537,95.05,0.432,0.95,0.736,0.361,12.5,0.395,104
0.378,25.13,0.989,0.659,0.462,0.895,5.3,0.853,58
0.145,33.51,0.789,0.759,0.387,0.563,5.8,0.472,74
0.323,68.42,0.9,0.608,0.004,0.061,8.0,0.641,77
0.319,66.14,0.647,0.74,0.793,0.046,9.3,0.465,104
0.643,44.22,0.252,0.424,0.226,0.019,7.1,0.866,86
0.123,58.02,0.596,0.105,0.597,0.123,15.7,0.235,116
0.374,13.01,0.865,0.945,0.68,0.553,11.6,0.244,75
0.074,11.27,0.924,0.624,0.639,0.209,14.3,0.545,95
0.226,78.16,0.45,0.612,0.695,0.02,11.5,0.645,90
0.656,72.16,0.091,0.87,0.678,0.601,10.2,0.798,73
0.315,46.89,0.802,0.757,0.579,0.589,14.8,0.758,105
0.388,52.32,0.297,0.548,0.643,0.859,11.2,0.022,88
0.476,56.13,0.796,0.615,0.047,0.102,7.1,0.152,89
0.067,19.62,0.105,0.861,0.683,0.189,10.5,0.919,69
0.954,25.35,0.283,0.51,0.955,0.296,7.4,0.671,75
0.367,62.26,0.51,0.969,0.932,0.976,10.0,0.555,97
0.668,11.8,0.344,0.642,0.359,0.693,15.2,0.959,101
0.764,80.64,0.351,0.177,0.559,0.895,15.6,0.494,91
0.923,74.83,0.544,0.141,0.986,0.928,10.2,0.374,117
0.527,35.0,0.717,0.823,0.871,0.173,13.1,0.89,89
0.275,38.95,0.475,0.435,0.764,0.645,13.3,0.897,94
0.654,31.38,0.853,0.224,0.913,0.913,6.6,0.514,76
0.391,71.77,0.776,0.623,0.233,0.91,5.7,0.257,77
0.695,23.17,0.835,0.025,0.015,0.893,10.2,0.989,74
0.531,24.64,0.377,0.922,0.774,0.997,8.6,0.927,113
0.464,94.94,0.53,0.64,0.216,0.295,13.6,0.111,100
0.123,85.17,0.577,0.466,0.632,0.832,6.4,0.329,102
0.084,67.27,0.494,0.922,0.147,0.176,8.7,0.069,100
0.207,19.4,0.76,0.545,0.614,0.748,9.7,0.158,69
0.521,66.16,0.324,0.274,0.613,0.434,15.0,0.908,76
0.262,69.51,0.524,0.042,0.111,0.469,13.8,0.073,86
0.418,72.97,0.537,0.904,0.27,0.557,9.3,0.564,94
0.384,27.44,0.267,0.55,0.109,0.002,14.1,0.084,105
0.254,59.42,0.448,0.26,0.434,0.22,10.9,0.686,73
0.28,45.82,0.204,0.363,0.739,0.061,11.8,0.58,98
0.929,69.52,0.32,0.86,0.756,0.211,8.8,0.142,101
0.142,33.06,0.459,0.101,0.15,0.833,9.1,0.477,107
0.781,23.39,0.79,0.681,0.039,0.619,5.8,0.265,108
0.156,67.75,0.446,0.372,0.539,0.202,7.4,0.245,92
0.045,13.78,0.895,0.371,0.959,0.209,8.3,0.782,126
0.098,86.11,0.214,0.383,0.093,0.705,9.3,0.656,126
0.131,28.87,0.553,0.603,0.432,0.682,6.6,0.783,91
0.915,20.41,0.435,0.18,0.486,0.347,8.4,0.491,106
0.872,12.57,0.042,0.577,0.867,0.276,14.2,0.696,109
0.124,13.24,0.451,0.244,0.176,0.73,6.2,0.096,111
0.029,15.02,0.626,0.881,0.877,0.985,13.2,0.158,87
0.858,53.95,0.503,0.323,0.536,0.046,13.5,0.529,105
0.635,95.42,0.031,0.69,0.189,0.083,10.0,0.515,86
0.477,93.73,0.097,0.395,0.435,0.809,13.0,0.122,97
0.604,39.73,0.654,0.071,0.24,0.408,10.7,0.324,90
0.716,40.4,0.362,0.797,0.774,0.303,11.2,0.017,97
0.704,38.64,0.426,0.927,0.702,0.433,15.5,0.2,118
0.329,12.89,0.718,0.074,0.227,0.187,7.7,0.757,97
0.717,33.81,0.131,0.183,0.955,0.762,12.4,0.811,90
0.72,84.72,0.737,0.917,0.035,0.332,7.3,0.835,70
0.978,95.2,0.699,0.307,0.868,0.498,5.6,0.717,112
0.309,76.24,0.026,0.884,0.017,0.656,14.9,0.688,99
0.853,13.4,0.089,0.793,0.288,0.966,6.7,0.128,85
0.612,30.43,0.647,0.549,0.401,0.541,8.8,0.946,89
0.416,44.19,0.973,0.444,0.232,0.755,14.1,0.597,95
0.917,35.75,0.066,0.987,0.713,0.782,7.1,0.326,76
0.413,67.37,0.583,0.679,0.662,0.216,14.4,0.063,110
0.269,51.43,0.679,0.114,0.412,0.467,5.3,0.057,85
0.846,45.59,0.706,0.855,0.604,0.27,9.8,0.609,79
0.824,70.54,0.772,0.132,0.849,0.753,6.6,0.116,74
0.13,84.58,0.838,0.475,0.646,0.329,6.0,0.285,104
0.784,28.24,0.408,0.189,0.817,0.593,5.5,0.265,99
0.98,83.07,0.834,0.124,0.167,0.292,6.0,0.854,85
0.638,86.05,0.474,0.78,0.574,0.922,10.0,0.934,110
0.517,35.64,0.002,0.244,0.609,0.318,5.8,0.843,84
0.09,59.42,0.893,0.407,0.261,0.174,8.3,0.898,104
0.386,77.16,0.364,0.449,0.259,0.724,11.0,0.506,78
0.076,28.47,0.915,0.013,0.916,0.643,9.4,0.076,111
0.399,98.74,0.482,0.01,0.299,0.759,7.2,0.551,51
0.811,80.44,0.099,0.021,0.103,0.862,9.3,0.055,105
0.255,78.94,0.472,0.008,0.718,0.568,14.5,0.371,115
0.728,86.42,0.091,0.703,0.236,0.459,9.7,0.312,113
0.106,19.39,0.348,0.97,0.279,0.134,12.7,0.353,88
0.507,71.21,0.303,0.411,0.325,0.828,14.2,0.787,86
0.804,53.83,0.911,0.336,0.778,0.753,5.4,0.294,118
0.64,28.48,0.748,0.033,0.866,0.228,10.7,0.681,79
0.233,98.44,0.39,0.025,0.909,0.489,10.9,0.872,71
0.9,90.19,0.434,0.495,0.06,0.456,14.8,0.322,76
0.523,97.38,0.705,0.565,0.42,0.056,5.2,0.552,68
0.594,50.05,0.834,0.004,0.441,0.039,15.3,0.155,112
0.418,11.73,0.194,0.385,0.277,0.187,6.7,0.341,67
0.37,98.47,0.3,0.404,0.951,0.146,15.2,0.876,78
0.604,11.95,0.266,0.401,0.746,0.688,12.0,0.753,110
0.404,65.72,0.44,0.081,0.292,0.778,12.9,0.036,60
0.042,11.35,0.966,0.1,0.657,0.625,9.8,0.566,82
0.209,46.65,0.153,0.59,0.072,0.345,5.3,0.251,93
0.659,52.22,0.767,0.481,0.218,0.889,8.1,0.744,89
0.588,83.42,0.678,0.947,0.025,0.103,14.4,0.532,108
0.855,34.25,0.647,0.508,0.837,0.575,13.5,0.837,99
0.296,52.4,0.674,0.039,0.021,0.949,7.0,0.956,79
0.972,93.61,0.318,0.341,0.655,0.056,10.8,0.939,79
0.412,32.95,0.048,0.999,0.603,0.25,13.7,0.11,100
0.041,91.34,0.655,0.65,0.999,0.673,5.9,0.625,111
0.45,80.86,0.351,0.105,0.17,0.753,7.9,0.673,69
0.914,43.63,0.533,0.654,0.974,0.073,10.5,0.004,93
0.804,41.32,0.738,0.81,0.946,0.053,7.0,0.049,76
0.389,76.23,0.888,0.572,0.907,0.22,7.8,0.071,116
0.707,14.28,0.003,0.574,0.836,0.444,6.6,0.544,76
0.011,88.34,0.3,0.392,0.344,0.96,13.4,0.525,64
0.08,48.74,0.761,0.389,0.854,0.569,15.6,0.635,113
0.402,84.54,0.758,0.941,0.592,0.009,10.3,0.053,75
0.687,83.24,0.649,0.351,0.604,0.378,13.6,0.784,117
0.649,64.3,0.592,0.004,0.511,0.843,8.8,0.87,73
0.1,36.63,0.08,0.398,0.784,0.683,15.1,0.934,72
0.933,86.32,0.587,0.903,0.943,0.699,9.0,0.722,113
0.792,67.06,0.588,0.257,0.628,0.087,10.0,0.632,104
0.005,44.84,0.223,0.049,0.616,0.971,13.6,0.335,86
0.828,65.27,0.025,0.979,0.939,0.143,10.9,0.424,79
0.367,75.61,0.676,0.329,0.637,0.912,6.9,0.335,115
0.432,86.67,0.229,0.307,0.488,0.657,13.9,0.918,93
0.127,18.21,0.441,0.328,0.36,0.489,9.5,0.805,70
0.432,74.48,0.694,0.73,0.957,0.863,7.6,0.699,63
0.023,51.46,0.764,0.756,0.592,0.861,8.8,0.13,80
0.222,22.05,0.554,0.715,0.822,0.767,9.6,0.551,118
0.022,30.68,0.501,0.93,0.332,0.779,9.9,0.035,83
0.18,16.44,0.291,0.274,0.86,0.298,8.8,0.843,85
0.864,40.39,0.491,0.837,0.912,0.326,8.3,0.976,74
0.274,84.23,0.59,0.754,0.13,0.85,9.5,0.453,90
0.448,54.66,0.929,0.1,0.582,0.953,13.5,0.154,105
0.471,13.04,0.563,0.594,0.255,0.834,14.5,0.535,99
0.416,54.37,0.836,0.269,0.172,0.691,12.0,0.889,98
0.552,11.3,0.162,0.348,0.995,0.309,6.2,0.477,63
0.583,66.64,0.384,0.233,0.855,0.024,6.0,0.338,63
0.144,39.6,0.285,0.218,0.246,0.315,14.6,0.321,104
0.511,45.78,0.771,0.175,0.092,0.469,9.6,0.965,99
0.064,73.1,0.642,0.979,0.887,0.291,5.2,0.596,92
0.506,86.41,0.95,0.911,0.334,0.31,8.1,0.085,95
0.594,55.43,0.858,0.822,0.637,0.759,10.9,0.897,98
0.176,22.45,0.364,0.71,0.218,0.34,15.7,0.759,96
0.27,34.68,0.41,0.109,0.802,0.154,10.3,0.942,83
0.342,41.77,0.43,0.31,0.513,0.121,10.7,0.192,86
0.803,23.11,0.953,0.509,0.606,0.583,10.8,0.644,103
0.117,39.09,0.476,0.018,0.695,0.831,11.0,0.438,100
0.374,74.86,0.1,0.635,0.547,0.672,12.5,0.073,89
0.724,59.94,0.116,0.599,0.328,0.797,5.6,0.55,103
0.064,20.68,0.661,0.992,0.19,0.277,14.4,0.498,80
0.68,99.0,0.892,0.556,0.616,0.548,14.1,0.527,67
0.472,79.16,0.085,0.871,0.799,0.223,13.5,0.436,96
0.277,63.58,0.838,0.761,0.359,0.497,8.7,0.609,62
0.323,74.41,0.166,0.107,0.755,0.742,11.0,0.409,103
0.134,52.1,0.938,0.416,0.143,0.917,11.7,0.692,62
0.188,85.2,0.243,0.653,0.427,0.794,9.1,0.904,73
0.113,18.0,0.304,0.937,0.435,0.067,11.7,0.908,91
0.732,19.73,0.2,0.765,0.957,0.689,13.2,0.647,119
0.088,52.55,0.904,0.792,0.558,0.679,13.5,0.371,65
0.141,11.35,0.819,0.992,0.792,0.629,11.9,0.2,114
0.876,88.67,0.458,0.491,0.971,0.814,14.9,0.236,99
0.565,97.35,0.394,0.896,0.508,0.388,14.8,0.468,81
0.045,55.34,0.054,0.974,0.517,0.146,9.4,0.444,127
0.931,34.28,0.929,0.272,0.216,0.427,9.9,0.679,109
0.341,87.91,0.949,0.928,0.689,0.916,7.4,0.222,111
0.847,58.77,0.429,0.102,0.84,0.25,7.6,0.981,116
0.485,44.12,0.047,0.808,0.386,0.405,10.0,0.267,61
0.846,36.24,0.255,0.851,0.444,0.409,10.2,0.81,123
0.496,74.66,0.242,0.311,0.058,0.085,8.8,0.738,83
0.734,66.24,0.02,0.474,0.112,0.511,12.7,0.479,63
0.18,85.91,0.142,0.383,0.341,0.308,6.6,0.273,72
0.495,83.86,0.198,0.59,0.213,0.65,10.3,0.631,82
0.289,50.62,0.264,0.119,0.862,0.304,5.9,0.337,58
0.181,42.7,0.322,0.483,0.793,0.438,8.6,0.687,73
0.818,13.01,0.87,0.775,0.464,0.119,12.3,0.744,117
0.734,81.96,0.187,0.473,0.675,0.929,6.1,0.714,81
0.674,41.14,0.612,0.122,0.426,0.874,11.6,0.3,70
0.882,58.06,0.231,0.432,0.902,0.556,14.1,0.214,115
0.441,48.59,0.029,0.047,0.587,0.447,11.4,0.893,64
0.394,84.09,0.864,0.69,0.452,0.358,6.4,0.039,95
0.968,15.25,0.905,0.363,0.467,0.565,15.9,0.72,80
0.164,99.96,0.42,0.021,0.519,0.036,10.0,0.861,84
0.337,59.85,0.439,0.948,0.521,0.789,13.7,0.761,102
0.848,76.74,0.903,0.05,0.202,0.602,14.8,0.731,95
0.023,91.57,0.837,0.635,0.032,0.389,10.8,0.326,118
0.978,51.78,0.167,0.547,0.992,0.376,9.3,0.81,89
0.61,41.07,0.426,0.533,0.028,0.079,7.7,0.457,107
0.788,44.02,0.051,0.788,0.827,0.055,10.5,0.92,57
0.232,18.98,0.628,0.761,0.226,0.237,7.3,0.343,70
0.841,81.07,0.089,0.115,0.825,0.127,11.1,0.112,68
0.945,87.35,0.814,0.986,0.301,0.421,9.1,0.194,60
0.771,94.17,0.329,0.797,0.211,0.817,12.1,0.052,70
0.573,87.31,0.855,0.012,0.854,0.128,7.5,0.576,106
0.451,53.58,0.485,0.31,0.824,0.934,14.7,0.574,99
0.512,57.01,0.588,0.427,0.533,0.768,8.8,0.32,104
0.606,95.42,0.886,0.011,0.683,0.064,5.1,0.15,82
0.303,36.04,0.339,0.925,0.265,0.239,6.5,0.259,104
0.768,66.27,0.372,0.052,0.324,0.271,14.1,0.821,84
0.544,45.22,0.854,0.252,0.762,0.157,6.3,0.887,117
0.722,93.3,0.966,0.214,0.621,0.689,15.1,0.808,76
0.859,50.29,0.599,0.811,0.275,0.492,6.5,0.354,102
0.514,26.77,0.937,0.401,0.064,0.683,14.2,0.077,69
0.747,43.29,0.223,0.455,0.188,0.48,5.5,0.233,89
0.198,52.24,0.942,0.961,0.282,0.705,15.8,0.192,72
0.854,99.24,0.471,0.594,0.572,0.512,9.0,0.934,96
0.827,53.52,0.572,0.986,0.404,0.513,10.9,0.461,108
0.605,43.11,0.054,0.952,0.314,0.636,9.8,0.012,90
0.96,92.39,0.329,0.344,0.319,0.496,8.3,0.421,79
0.404,61.58,0.341,0.872,0.952,0.852,14.2,0.21,90
0.858,45.35,0.502,0.562,0.897,0.014,15.5,0.683,79
0.885,23.01,0.472,0.895,0.757,0.204,10.1,0.206,98
0.454,71.34,0.273,0.982,0.747,0.432,12.4,0.439,96
0.309,72.61,0.917,0.715,0.136,0.355,14.7,0.253,110
0.269,14.62,0.354,0.287,0.122,0.527,14.4,0.196,121
0.407,56.74,0.347,0.015,0.611,0.289,13.4,0.697,67
0.246,56.03,0.223,0.549,0.884,0.532,10.0,0.491,67
0.553,91.88,0.357,0.107,0.921,0.285,9.1,0.644,102
0.449,60.64,0.935,0.609,0.234,0.972,14.2,0.252,90
0.861,25.39,0.661,0.95,0.471,0.472,6.0,0.594,94
0.067,22.23,0.195,0.752,0.238,0.52,11.6,0.719,84
0.03,55.32,0.509,0.863,0.915,0.799,6.5,0.093,113
0.8,94.27,0.444,0.614,0.722,0.752,8.0,0.565,107
0.034,42.89,0.387,0.17,0.553,0.655,11.4,0.314,95
0.171,30.47,0.209,0.077,0.534,0.07,11.2,0.888,89
0.419,12.97,0.777,0.438,0.583,0.081,11.5,0.713,107
0.956,52.25,0.62,0.376,0.468,0.467,10.4,0.057,82
0.024,42.44,0.817,0.672,0.421,0.798,8.9,0.177,110
0.212,18.98,0.775,0.207,0.828,0.135,9.6,0.391,77
0.271,56.7,0.843,0.365,0.532,0.774,6.9,0.05,112
0.674,24.24,0.555,0.929,0.49,0.181,14.7,0.428,99
0.13,95.42,0.781,0.831,0.679,0.87,9.2,0.935,106
0.644,95.56,0.458,0.468,0.168,0.009,12.6,0.178,75
0.786,44.78,0.166,0.165,0.343,0.417,8.4,0.525,96
0.557,54.26,0.891,0.548,0.061,0.769,9.2,0.668,98
0.607,92.56,0.609,0.702,0.864,0.516,12.9,0.196,122
0.63,52.9,0.052,0.529,0.01,0.79,7.0,0.975,111
0.595,51.59,0.868,0.99,0.959,0.627,9.0,0.467,107
0.949,53.56,0.042,0.256,0.324,0.78,8.6,0.259,89
0.832,17.58,0.092,0.056,0.518,0.84,10.1,0.5,89
0.68,84.41,0.51,0.565,0.531,0.4,9.5,0.805,64
0.496,84.83,0.462,0.334,0.975,0.51,9.8,0.452,113
0.486,97.84,0.417,0.178,0.5,0.31,15.9,0.268,77
0.833,90.56,0.728,0.544,0.099,0.245,15.1,0.418,111
0.461,54.29,0.434,0.82,0.436,0.542,5.1,0.998,97
0.437,27.26,0.904,0.242,0.397,0.247,12.8,0.624,88
0.609,37.32,0.433,0.388,0.658,0.616,5.8,0.406,78
0.346,79.96,0.833,0.162,0.055,0.174,7.6,0.715,108
0.71,64.07,0.448,0.67,0.703,0.657,14.4,0.909,114
0.542,40.62,0.705,0.263,0.779,0.429,6.6,0.233,93
0.296,21.22,0.87,0.978,0.384,0.862,13.3,0.938,93
0.993,77.61,0.055,0.657,0.551,0.247,5.0,0.868,59
0.976,92.12,0.13,0.044,0.756,0.607,14.0,0.231,96
0.468,32.44,0.205,0.454,0.043,0.371,5.4,0.68,80
0.655,45.87,0.474,0.656,0.558,0.939,15.9,0.202,121
0.904,66.74,0.608,0.593,0.838,0.42,15.8,0.559,104
0.52,91.83,0.361,0.686,0.137,0.843,15.0,0.63,69
0.076,31.82,0.693,0.988,0.842,0.816,8.4,0.942,125
0.424,64.94,0.679,0.018,0.842,0.243,15.4,0.99,108
0.854,47.66,0.062,0.861,0.396,0.311,5.5,0.476,114
0.498,78.67,0.676,0.449,0.161,0.501,10.5,0.522,110
0.07,40.35,0.901,0.152,0.345,0.781,8.7,0.576,75
0.647,87.07,0.488,0.863,0.194,0.502,9.0,0.622,117
0.943,43.73,0.245,0.99,0.065,0.637,14.3,0.792,88
0.462,29.01,0.786,0.566,0.106,0.744,15.6,0.835,109
0.853,31.06,0.853,0.914,0.998,0.351,9.3,0.06,117
0.862,36.16,0.472,0.464,0.562,0.521,14.4,0.725,70
0.586,63.64,0.89,0.57,0.792,0.259,9.9,0.713,99
0.986,85.98,0.839,0.674,0.594,0.774,5.4,0.069,68
0.159,71.81,0.634,0.59,0.464,0.297,14.3,0.319,98
0.986,12.74,0.23,0.011,0.89,0.231,5.8,0.246,72
0.678,74.61,0.976,0.647,0.035,0.315,15.8,0.463,102
0.214,28.06,0.679,0.815,0.917,0.682,11.0,0.143,97
0.418,48.5,0.039,0.081,0.34,0.799,12.4,0.8,98
0.444,12.66,0.609,0.245,0.056,0.925,13.1,0.822,83
0.514,19.66,0.409,0.424,0.101,0.679,8.9,0.671,66
0.576,57.24,0.988,0.75,0.042,0.223,10.2,0.841,84
0.06,45.83,0.014,0.037,0.337,0.972,6.9,0.911,109
0.265,97.88,0.108,0.614,0.306,0.227,15.9,0.629,100
0.59,10.83,0.505,0.764,0.6,0.549,15.2,0.365,106
0.408,79.65,0.208,0.789,0.451,0.148,14.4,0.21,92
0.136,72.83,0.215,0.144,0.094,0.026,14.6,0.685,93
0.088,55.19,0.716,0.43,0.455,0.742,6.0,0.342,98
0.231,99.56,0.749,0.546,0.924,0.569,5.2,0.643,110
0.228,32.44,0.844,0.074,0.285,0.001,9.1,0.774,98
0.348,10.48,0.273,0.502,0.305,0.419,12.1,0.46,120
0.171,84.95,0.118,0.414,0.779,0.064,12.9,0.527,116
0.457,57.65,0.74,0.709,0.425,0.257,15.5,0.464,85
0.313,77.43,0.02,0.484,0.285,0.862,13.4,0.878,104
0.755,54.73,0.618,0.211,0.702,0.215,6.3,0.991,111
0.27,25.41,0.694,0.296,0.833,0.378,8.5,0.862,78
0.004,28.89,0.281,0.624,0.075,0.882,13.1,0.535,108
0.171,72.58,0.178,0.744,0.064,0.899,14.3,0.842,98
0.862,77.89,0.439,0.76,0.206,0.032,11.6,0.234,68
0.22,57.41,0.167,0.124,0.821,0.406,7.6,0.435,88
0.525,39.96,0.138,0.08,0.017,0.089,13.2,0.0,72
0.33,40.75,0.524,0.869,0.289,0.28,13.5,0.548,91
0.537,16.73,0.413,0.57,0.016,0.558,10.5,0.535,96
0.522,48.91,0.09,0.078,0.327,0.422,11.7,0.735,67
0.237,82.0,0.982,0.346,0.722,0.499,11.3,0.029,126
0.324,98.33,0.767,0.979,0.201,0.29,7.1,0.542,65
0.858,68.37,0.706,0.356,0.008,0.888,14.7,0.757,77
0.586,26.81,0.105,0.833,0.079,0.469,8.6,0.416,105
0.932,82.39,0.245,0.577,0.065,0.094,9.5,0.723,62
0.295,56.1,0.798,0.212,0.551,0.235,11.4,0.741,87
0.634,32.76,0.718,0.779,0.441,0.856,10.7,0.412,116
